,IDENTIFICACION,IDENTIFICACION TAXONOMICA,NOMBRE CIENTIFICO,CLASIFICACION SUPERIOR,REINO,FILO,CLASE,ORDEN,FAMILIA,GENERO,EPITETO ESPECIFICO,EPITETO INFRAESPECIFICO,RANGO DE TAXON,NOMBRE CIENTIFICO 1,NOMBRE VERNACULO,CODIGO NOMENCLATURA,ESTADO TAXONOMICO,TAXON OBSERVACIONES,LENGUAJE,ESTADO DE AMENAZA
1312,gbif.org/species/5184681,gbif.org/species/5184681,Acropora cervicornis,Animalia | Cnidaria | Anthozoa | Scleractinia | Acroporidae | Acropora,Animalia,Cnidaria,Anthozoa,Scleractinia,Acroporidae,Acropora,cervicornis,,Especie,"(Lamarck, 1816)",Coral cuerno de ciervo,ICZN,Válido,Nombre original validado: Acropora cervicornis,es,CR
1337,gbif.org/species/2223870,gbif.org/species/2223870,Penaeus occidentalis,Animalia | Arthropoda | Crustacea | Malacostraca | Decapoda | Penaeidae | Penaeus,Animalia,Arthropoda,Malacostraca,Decapoda,Penaeidae,Penaeus,occidentalis,,Especie,"Streets, 1871",Camarón blanco del Pacífico | Camarón langostino,ICZN,Válido,Nombre original validado: Penaeus occidentalis | Pasa de VU a CR,es,CR
1375,gbif.org/species/1339288,gbif.org/species/1339288,Eufriesea dressleri,Animalia | Arthropoda | Hexapoda | Insecta | Hymenoptera | Apidae | Eufriesea,Animalia,Arthropoda,Insecta,Hymenoptera,Apidae,Eufriesea,dressleri,,Especie,"(Kimsey, 1977)",Abejita verde de la Macarena,ICZN,Válido,Nombre original validado: Eufriesea dressleri,es,CR
1378,gbif.org/species/1339681,gbif.org/species/1339681,Exaerete dentata,Animalia | Arthropoda | Hexapoda | Insecta | Hymenoptera | Apidae | Exaerete,Animalia,Arthropoda,Insecta,Hymenoptera,Apidae,Exaerete,dentata,,Especie,"(Linnaeus, 1758)",Abeja esmeralda,ICZN,Válido,Nombre original validado: Exaerete dentata,es,CR
1379,gbif.org/species/1339678,gbif.org/species/1339678,Exaerete frontalis,Animalia | Arthropoda | Hexapoda | Insecta | Hymenoptera | Apidae | Exaerete,Animalia,Arthropoda,Insecta,Hymenoptera,Apidae,Exaerete,frontalis,,Especie,"(Guérin-Méneville, 1844)",Abejita verde del Llano,ICZN,Válido,Nombre original validado: Exaerete frontalis,es,CR
1380,gbif.org/species/1339680,gbif.org/species/1339680,Exaerete smaragdina,Animalia | Arthropoda | Hexapoda | Insecta | Hymenoptera | Apidae | Exaerete,Animalia,Arthropoda,Insecta,Hymenoptera,Apidae,Exaerete,smaragdina,,Especie,"(Guérin-Méneville, 1844)",,ICZN,Válido,Nombre original validado: Exaerete smaragdina,es,CR
1393,gbif.org/species/1917928,gbif.org/species/1917928,Lymanopoda paramera,Animalia | Arthropoda | Hexapoda | Insecta | Lepidoptera | Nymphalidae | Lymanopoda,Animalia,Arthropoda,Insecta,Lepidoptera,Nymphalidae,Lymanopoda,paramera,,Especie,"Adams & Bernard, 1979",Limanopoda blanca de la Serranía de Valledupar,ICZN,Válido,Nombre original validado: Lymanopoda paramera | Mantiene categoría Resolución 1912 de 2017,es,CR
1408,gbif.org/species/8174946,gbif.org/species/8174946,Acostaea rivolii,Animalia | Mollusca | Gastropoda | Unionida | Etheriidae | Acostaea,Animalia,Mollusca,Bivalvia,Unionida,Mycetopodidae,Acostaea,rivolii,,Especie,"(Deshayes, 1827)",Ostra del río Magdalena,ICZN,Dudoso,Nombre original validado: Acostaea rivolii,es,CR
1410,gbif.org/species/2279161,gbif.org/species/2279161,Holothuria mexicana,Animalia | Echinodermata | Holothuroidea | Holothuriida | Holothuriidae | Holothuria,Animalia,Echinodermata,Holothuroidea,Holothuriida,Holothuriidae,Holothuria,mexicana,,Especie,"Ludwig, 1875",Pepino de mar | Molongo,ICZN,Válido,Nombre original validado: Holothuria mexicana,es,CR
1425,gbif.org/species/5216292,gbif.org/species/5216292,Pristis pectinata,Animalia | Chordata | Vertebrata | Elasmobranchii | Pristiformes | Pristidae | Pristis,Animalia,Chordata,Elasmobranchii,Rhinopristiformes,Pristidae,Pristis,pectinata,,Especie,"Latham, 1794",Pez Sierra- Pez peine | Pejepeine | Guacapá,ICZN,Válido,Nombre original validado: Pristis pectinata,es,CR
1426,gbif.org/species/5216276,gbif.org/species/5216276,Pristis pristis,Animalia | Chordata | Vertebrata | Elasmobranchii | Pristiformes | Pristidae | Pristis,Animalia,Chordata,Elasmobranchii,Rhinopristiformes,Pristidae,Pristis,pristis,,Especie,"(Linnaeus, 1758)",Pez Sierra,ICZN,Válido,Nombre original validado: Pristis pristis,es,CR
1433,gbif.org/species/5203123,gbif.org/species/5203123,Megalops atlanticus,Animalia | Chordata | Vertebrata | Actinopterygii | Elopiformes | Megalopidae | Megalops,Animalia,Chordata,Actinopterygii,Elopiformes,Megalopidae,Megalops,atlanticus,,Especie,"Valenciennes, 1847",Sábalo | Tarpón,ICZN,Válido,Nombre original validado: Megalops atlanticus,es,CR
1469,gbif.org/species/2338659,gbif.org/species/2338659,Pseudoplatystoma magdaleniatum,Animalia | Chordata | Vertebrata | Actinopterygii | Siluriformes | Pimelodidae | Pseudoplatystoma,Animalia,Chordata,Actinopterygii,Siluriformes,Pimelodidae,Pseudoplatystoma,magdaleniatum,,Especie,"Buitrago-Suárez & Burr, 2007",Bagre rayado | Bagre | Pintadillo,ICZN,Válido,Nombre original validado: Pseudoplatystoma magdaleniatum,es,CR
1483,gbif.org/species/2343151,gbif.org/species/2343151,Trichomycterus santanderensis,Animalia | Chordata | Vertebrata | Actinopterygii | Siluriformes | Trichomycteridae | Trichomycterus,Animalia,Chordata,Actinopterygii,Siluriformes,Trichomycteridae,Trichomycterus,santanderensis,,Especie,"Castellanos-Morales, 2007",Bagrecito cavernicola | Laucha,ICZN,Válido,Nombre original validado: Trichomycterus santanderensis | Nuevo taxón incluido,es,CR
1490,gbif.org/species/2350613,gbif.org/species/2350613,Gambusia lemaitrei,Animalia | Chordata | Vertebrata | Actinopterygii | Cyprinodontiformes | Poeciliidae | Gambusia,Animalia,Chordata,Actinopterygii,Cyprinodontiformes,Poeciliidae,Gambusia,lemaitrei,,Especie,"Fowler, 1950",Pipón de Totumo,ICZN,Válido,Nombre original validado: Gambusia lemaitrei,es,CR
1517,gbif.org/species/2388456,gbif.org/species/2388456,Epinephelus itajara,Animalia | Chordata | Vertebrata | Actinopterygii | Perciformes | Serranidae | Epinephelus,Animalia,Chordata,Actinopterygii,Perciformes,Serranidae,Epinephelus,itajara,,Especie,"(Lichtenstein, 1822)",Mero guasa,ICZN,Válido,Nombre original validado: Epinephelus itajara,es,CR
1518,gbif.org/species/2388300,gbif.org/species/2388300,Epinephelus striatus,Animalia | Chordata | Vertebrata | Actinopterygii | Perciformes | Serranidae | Epinephelus,Animalia,Chordata,Actinopterygii,Perciformes,Serranidae,Epinephelus,striatus,,Especie,"(Bloch, 1792)",Cherna | Mero criollo,ICZN,Válido,Nombre original validado: Epinephelus striatus,es,CR
1526,gbif.org/species/2431315,gbif.org/species/2431315,Bolitoglossa capitana,Animalia | Chordata | Vertebrata | Amphibia | Caudata | Plethodontidae | Bolitoglossa,Animalia,Chordata,Amphibia,Caudata,Plethodontidae,Bolitoglossa,capitana,,Especie,"Brame & Wake, 1963",Salamandra de Albán,ICZN,Válido,Nombre original validado: Bolitoglossa capitana | Mantiene categoría Resolución 1912 de 2017,es,CR
1530,gbif.org/species/9577531,gbif.org/species/9577531,Bolitoglossa leandrae,Animalia | Chordata | Vertebrata | Amphibia | Caudata | Plethodontidae | Bolitoglossa,Animalia,Chordata,Amphibia,Caudata,Plethodontidae,Bolitoglossa,leandrae,,Especie,"Acevedo, Wake, Márquez, Silva, Franco & Amézquita, 2013",Salamandra,ICZN,Válido,Nombre original validado: Bolitoglossa leandrae,es,CR
1539,gbif.org/species/2426290,gbif.org/species/2426290,Allobates ranoides,Animalia | Chordata | Vertebrata | Amphibia | Anura | Aromobatidae | Allobates,Animalia,Chordata,Amphibia,Anura,Aromobatidae,Allobates,ranoides,,Especie,"(Boulenger, 1918)",Rana saltona de Villavicencio,ICZN,Válido,Nombre original validado: Allobates ranoides | Mantiene categoría Resolución 1912 de 2017,es,CR
1540,gbif.org/species/5216705,gbif.org/species/5216705,Atelopus angelito,Animalia | Chordata | Vertebrata | Amphibia | Anura | Bufonidae | Atelopus,Animalia,Chordata,Amphibia,Anura,Bufonidae,Atelopus,angelito,,Especie,"Ardila-Robayo & Ruiz-Carranza, 1998",Rana arlequín,ICZN,Válido,Nombre original validado: Atelopus angelito,es,CR
1541,gbif.org/species/7785931,gbif.org/species/7785931,Atelopus ardila,Animalia | Chordata | Vertebrata | Amphibia | Anura | Bufonidae | Atelopus,Animalia,Chordata,Amphibia,Anura,Bufonidae,Atelopus,ardila,,Especie,"Coloma, Duellman, Almendáriz, Ron, Terán-Valdez & Guayasamin, 2010",Rana arlequín,ICZN,Válido,Nombre original validado: Atelopus ardila,es,CR
1542,gbif.org/species/5216689,gbif.org/species/5216689,Atelopus arsyecue,Animalia | Chordata | Vertebrata | Amphibia | Anura | Bufonidae | Atelopus,Animalia,Chordata,Amphibia,Anura,Bufonidae,Atelopus,arsyecue,,Especie,"Rueda-Almonacid, 1994",Rana arlequín,ICZN,Válido,Nombre original validado: Atelopus arsyecue,es,CR
1544,gbif.org/species/5216697,gbif.org/species/5216697,Atelopus chocoensis,Animalia | Chordata | Vertebrata | Amphibia | Anura | Bufonidae | Atelopus,Animalia,Chordata,Amphibia,Anura,Bufonidae,Atelopus,chocoensis,,Especie,"Lötters, 1992",Rana arlequín,ICZN,Válido,Nombre original validado: Atelopus chocoensis,es,CR
1545,gbif.org/species/5216644,gbif.org/species/5216644,Atelopus ebenoides,Animalia | Chordata | Vertebrata | Amphibia | Anura | Bufonidae | Atelopus,Animalia,Chordata,Amphibia,Anura,Bufonidae,Atelopus,ebenoides,,Especie,"Rivero, 1963",Rana arlequín,ICZN,Válido,Nombre original validado: Atelopus ebenoides |,es,CR
1547,gbif.org/species/5216618,gbif.org/species/5216618,Atelopus eusebianus,Animalia | Chordata | Vertebrata | Amphibia | Anura | Bufonidae | Atelopus,Animalia,Chordata,Amphibia,Anura,Bufonidae,Atelopus,eusebianus,,Especie,"Rivero & Granados-Díaz, 1993",Rana arlequín,ICZN,Válido,Nombre original validado: Atelopus eusebianus | Pasa de EN a CR,es,CR
1548,gbif.org/species/5216685,gbif.org/species/5216685,Atelopus famelicus,Animalia | Chordata | Vertebrata | Amphibia | Anura | Bufonidae | Atelopus,Animalia,Chordata,Amphibia,Anura,Bufonidae,Atelopus,famelicus,,Especie,"Rivero & Morales, 1995",Rana arlequín,ICZN,Válido,Nombre original validado: Atelopus famelicus,es,CR
1549,gbif.org/species/5216673,gbif.org/species/5216673,Atelopus farci,Animalia | Chordata | Vertebrata | Amphibia | Anura | Bufonidae | Atelopus,Animalia,Chordata,Amphibia,Anura,Bufonidae,Atelopus,farci,,Especie,"Lynch, 1993",Rana arlequín,ICZN,Válido,Nombre original validado: Atelopus farci | Mantiene categoría Resolución 1912 de 2017,es,CR
1550,gbif.org/species/8304240,gbif.org/species/8304240,Atelopus gigas,Animalia | Chordata | Vertebrata | Amphibia | Anura | Bufonidae | Atelopus,Animalia,Chordata,Amphibia,Anura,Bufonidae,Atelopus,gigas,,Especie,"Coloma, Duellman, Almendáriz, Ron, Terán-Valdez & Guayasamin, 2010",Rana arlequín,ICZN,Válido,Nombre original validado: Atelopus gigas,es,CR
1551,gbif.org/species/5216611,gbif.org/species/5216611,Atelopus glyphus,Animalia | Chordata | Vertebrata | Amphibia | Anura | Bufonidae | Atelopus,Animalia,Chordata,Amphibia,Anura,Bufonidae,Atelopus,glyphus,,Especie,"Dunn, 1931",Rana arlequín,ICZN,Válido,Nombre original validado: Atelopus glyphus,es,CR
1556,gbif.org/species/5216668,gbif.org/species/5216668,Atelopus minutulus,Animalia | Chordata | Vertebrata | Amphibia | Anura | Bufonidae | Atelopus,Animalia,Chordata,Amphibia,Anura,Bufonidae,Atelopus,minutulus,,Especie,"Ruiz-Carranza, Hernández-Camacho & Ardila-Robayo, 1988",Rana arlequín,ICZN,Válido,Nombre original validado: Atelopus minutulus | Pasa de EN a CR,es,CR
1558,gbif.org/species/5216654,gbif.org/species/5216654,Atelopus monohernandezii,Animalia | Chordata | Vertebrata | Amphibia | Anura | Bufonidae | Atelopus,Animalia,Chordata,Amphibia,Anura,Bufonidae,Atelopus,monohernandezii,,Especie,"Ardila-Robayo, Osorno-Muñoz & Ruiz-Carranza, 2002",Rana arlequín,ICZN,Válido,Nombre original validado: Atelopus monohernandezii,es,CR
1559,gbif.org/species/5216688,gbif.org/species/5216688,Atelopus muisca,Animalia | Chordata | Vertebrata | Amphibia | Anura | Bufonidae | Atelopus,Animalia,Chordata,Amphibia,Anura,Bufonidae,Atelopus,muisca,,Especie,"Rueda-Almonacid & Hoyos, 1992",Rana arlequín,ICZN,Válido,Nombre original validado: Atelopus muisca | Mantiene categoría Resolución 1912 de 2017,es,CR
1561,gbif.org/species/5216660,gbif.org/species/5216660,Atelopus nicefori,Animalia | Chordata | Vertebrata | Amphibia | Anura | Bufonidae | Atelopus,Animalia,Chordata,Amphibia,Anura,Bufonidae,Atelopus,nicefori,,Especie,"Rivero, 1963",Rana arlequín,ICZN,Válido,Nombre original validado: Atelopus nicefori,es,CR
1562,gbif.org/species/8298659,gbif.org/species/8298659,Atelopus nocturnus,Animalia | Chordata | Vertebrata | Amphibia | Anura | Bufonidae | Atelopus,Animalia,Chordata,Amphibia,Anura,Bufonidae,Atelopus,nocturnus,,Especie,"Bravo-Valencia & Rivera-Correa, 2011",Rana arlequín,ICZN,Válido,Nombre original validado: Atelopus nocturnus,es,CR
1563,gbif.org/species/7712378,gbif.org/species/7712378,Atelopus pastuso,Animalia | Chordata | Vertebrata | Amphibia | Anura | Bufonidae | Atelopus,Animalia,Chordata,Amphibia,Anura,Bufonidae,Atelopus,pastuso,,Especie,"Coloma, Duellman, Almendáriz, Ron, Terán-Valdez & Guayasamin, 2010",Rana arlequín,ICZN,Válido,Nombre original validado: Atelopus pastuso,es,CR
1564,gbif.org/species/5216694,gbif.org/species/5216694,Atelopus pedimarmoratus,Animalia | Chordata | Vertebrata | Amphibia | Anura | Bufonidae | Atelopus,Animalia,Chordata,Amphibia,Anura,Bufonidae,Atelopus,pedimarmoratus,,Especie,"Rivero, 1963",Rana arlequín,ICZN,Válido,Nombre original validado: Atelopus pedimarmoratus | Pasa de EN a CR,es,CR
1565,gbif.org/species/5216609,gbif.org/species/5216609,Atelopus petriruizi,Animalia | Chordata | Vertebrata | Amphibia | Anura | Bufonidae | Atelopus,Animalia,Chordata,Amphibia,Anura,Bufonidae,Atelopus,petriruizi,,Especie,"Ardila-Robayo, 1999",Rana arlequín,ICZN,Válido,Nombre original validado: Atelopus petriruizi,es,CR
1566,gbif.org/species/5216693,gbif.org/species/5216693,Atelopus pictiventris,Animalia | Chordata | Vertebrata | Amphibia | Anura | Bufonidae | Atelopus,Animalia,Chordata,Amphibia,Anura,Bufonidae,Atelopus,pictiventris,,Especie,"Kattan, 1986",Rana arlequín,ICZN,Válido,Nombre original validado: Atelopus pictiventris,es,CR
1567,gbif.org/species/5216633,gbif.org/species/5216633,Atelopus quimbaya,Animalia | Chordata | Vertebrata | Amphibia | Anura | Bufonidae | Atelopus,Animalia,Chordata,Amphibia,Anura,Bufonidae,Atelopus,quimbaya,,Especie,"Ruiz-Carranza & Osorno-Muñoz, 1994",Rana arlequín,ICZN,Válido,Nombre original validado: Atelopus quimbaya,es,CR
1568,gbif.org/species/5216700,gbif.org/species/5216700,Atelopus sanjosei,Animalia | Chordata | Vertebrata | Amphibia | Anura | Bufonidae | Atelopus,Animalia,Chordata,Amphibia,Anura,Bufonidae,Atelopus,sanjosei,,Especie,"Rivero & Serna, 1989",Rana arlequín,ICZN,Válido,Nombre original validado: Atelopus sanjosei,es,CR
1569,gbif.org/species/5216683,gbif.org/species/5216683,Atelopus sernai,Animalia | Chordata | Vertebrata | Amphibia | Anura | Bufonidae | Atelopus,Animalia,Chordata,Amphibia,Anura,Bufonidae,Atelopus,sernai,,Especie,"Ruiz-Carranza & Osorno-Muñoz, 1994",Rana arlequín,ICZN,Válido,Nombre original validado: Atelopus sernai | Pasa de EN a CR,es,CR
1570,gbif.org/species/5216671,gbif.org/species/5216671,Atelopus simulatus,Animalia | Chordata | Vertebrata | Amphibia | Anura | Bufonidae | Atelopus,Animalia,Chordata,Amphibia,Anura,Bufonidae,Atelopus,simulatus,,Especie,"Ruiz-Carranza & Osorno-Muñoz, 1994",Rana arlequín,ICZN,Válido,Nombre original validado: Atelopus simulatus,es,CR
1571,gbif.org/species/5216635,gbif.org/species/5216635,Atelopus sonsonensis,Animalia | Chordata | Vertebrata | Amphibia | Anura | Bufonidae | Atelopus,Animalia,Chordata,Amphibia,Anura,Bufonidae,Atelopus,sonsonensis,,Especie,"Vélez-Rodriguez & Ruiz-Carranza, 1997",Rana arlequín,ICZN,Válido,Nombre original validado: Atelopus sonsonensis,es,CR
1572,gbif.org/species/5216703,gbif.org/species/5216703,Atelopus subornatus,Animalia | Chordata | Vertebrata | Amphibia | Anura | Bufonidae | Atelopus,Animalia,Chordata,Amphibia,Anura,Bufonidae,Atelopus,subornatus,,Especie,"Werner, 1899",Rana arlequín,ICZN,Válido,Nombre original validado: Atelopus subornatus | Pasa de EN a CR,es,CR
1576,gbif.org/species/8608994,gbif.org/species/8608994,Rhaebo atelopoides,Animalia | Chordata | Vertebrata | Amphibia | Anura | Bufonidae | Rhaebo,Animalia,Chordata,Amphibia,Anura,Bufonidae,Rhaebo,atelopoides,,Especie,"(Lynch & Ruiz-Carranza, 1981)",,ICZN,Válido,Nombre original validado: Rhaebo atelopoides,es,CR
1577,gbif.org/species/2423153,gbif.org/species/2423153,Rhaebo blombergi,Animalia | Chordata | Vertebrata | Amphibia | Anura | Bufonidae | Rhaebo,Animalia,Chordata,Amphibia,Anura,Bufonidae,Rhaebo,blombergi,,Especie,"(Myers & Funkhouser, 1951)",,ICZN,Válido,Nombre original validado: Rhaebo blombergi,es,CR
1584,gbif.org/species/5216841,gbif.org/species/5216841,Rhinella rostrata,Animalia | Chordata | Vertebrata | Amphibia | Anura | Bufonidae | Rhinella,Animalia,Chordata,Amphibia,Anura,Bufonidae,Rhinella,rostrata,,Especie,"(Noble, 1920)",,ICZN,Válido,Nombre original validado: Rhinella rostrata,es,CR
1589,gbif.org/species/2429462,gbif.org/species/2429462,Centrolene geckoidea,Animalia | Chordata | Vertebrata | Amphibia | Anura | Centrolenidae | Centrolene,Animalia,Chordata,Amphibia,Anura,Centrolenidae,Centrolene,geckoidea,,Especie,"Jiménez de la Espada, 1872",Rana de cristal gigante del pacífico,ICZN,Válido,Nombre original validado: Centrolene geckoidea,es,CR
1603,gbif.org/species/2429377,gbif.org/species/2429377,Nymphargus armatus,Animalia | Chordata | Vertebrata | Amphibia | Anura | Centrolenidae | Nymphargus,Animalia,Chordata,Amphibia,Anura,Centrolenidae,Nymphargus,armatus,,Especie,"(Lynch & Ruiz-Carranza, 1996)",Rana de cristal,ICZN,Válido,Nombre original validado: Nymphargus armatus,es,CR
1616,gbif.org/species/2426021,gbif.org/species/2426021,Atopophrynus syntomopus,Animalia | Chordata | Vertebrata | Amphibia | Anura | Craugastoridae | Atopophrynus,Animalia,Chordata,Amphibia,Anura,Strabomantidae,Atopophrynus,syntomopus,,Especie,"Lynch & Ruiz-Carranza, 1982",Rana de pies pequeños,ICZN,Válido,Nombre original validado: Atopophrynus syntomopus,es,CR
1628,gbif.org/species/2425842,gbif.org/species/2425842,Pristimantis albericoi,Animalia | Chordata | Vertebrata | Amphibia | Anura | Craugastoridae | Pristimantis,Animalia,Chordata,Amphibia,Anura,Strabomantidae,Pristimantis,albericoi,,Especie,"(Lynch & Ruiz-Carranza, 1996)",,ICZN,Válido,Nombre original validado: Pristimantis albericoi,es,CR
1636,gbif.org/species/2425142,gbif.org/species/2425142,Pristimantis bernali,Animalia | Chordata | Vertebrata | Amphibia | Anura | Craugastoridae | Pristimantis,Animalia,Chordata,Amphibia,Anura,Strabomantidae,Pristimantis,bernali,,Especie,"(Lynch, 1986)",,ICZN,Válido,Nombre original validado: Pristimantis bernali,es,CR
1638,gbif.org/species/2425735,gbif.org/species/2425735,Pristimantis cacao,Animalia | Chordata | Vertebrata | Amphibia | Anura | Craugastoridae | Pristimantis,Animalia,Chordata,Amphibia,Anura,Strabomantidae,Pristimantis,cacao,,Especie,"(Lynch, 1992)",,ICZN,Válido,Nombre original validado: Pristimantis cacao,es,CR
1641,gbif.org/species/2425560,gbif.org/species/2425560,Pristimantis caprifer,Animalia | Chordata | Vertebrata | Amphibia | Anura | Craugastoridae | Pristimantis,Animalia,Chordata,Amphibia,Anura,Strabomantidae,Pristimantis,caprifer,,Especie,"(Lynch, 1977)",,ICZN,Válido,Nombre original validado: Pristimantis caprifer,es,CR
1646,gbif.org/species/2425265,gbif.org/species/2425265,Pristimantis chrysops,Animalia | Chordata | Vertebrata | Amphibia | Anura | Craugastoridae | Pristimantis,Animalia,Chordata,Amphibia,Anura,Strabomantidae,Pristimantis,chrysops,,Especie,"(Lynch & Ruiz-Carranza, 1996)",,ICZN,Válido,Nombre original validado: Pristimantis chrysops,es,CR
1653,gbif.org/species/2425533,gbif.org/species/2425533,Pristimantis deinops,Animalia | Chordata | Vertebrata | Amphibia | Anura | Craugastoridae | Pristimantis,Animalia,Chordata,Amphibia,Anura,Strabomantidae,Pristimantis,deinops,,Especie,"(Lynch, 1996)",,ICZN,Válido,Nombre original validado: Pristimantis deinops,es,CR
1655,gbif.org/species/2425398,gbif.org/species/2425398,Pristimantis diaphonus,Animalia | Chordata | Vertebrata | Amphibia | Anura | Craugastoridae | Pristimantis,Animalia,Chordata,Amphibia,Anura,Strabomantidae,Pristimantis,diaphonus,,Especie,"(Lynch, 1986)",,ICZN,Válido,Nombre original validado: Pristimantis diaphonus,es,CR
1656,gbif.org/species/2425384,gbif.org/species/2425384,Pristimantis diogenes,Animalia | Chordata | Vertebrata | Amphibia | Anura | Craugastoridae | Pristimantis,Animalia,Chordata,Amphibia,Anura,Strabomantidae,Pristimantis,diogenes,,Especie,"(Lynch & Ruiz-Carranza, 1996)",,ICZN,Válido,Nombre original validado: Pristimantis diogenes,es,CR
1672,gbif.org/species/2425016,gbif.org/species/2425016,Pristimantis jaimei,Animalia | Chordata | Vertebrata | Amphibia | Anura | Craugastoridae | Pristimantis,Animalia,Chordata,Amphibia,Anura,Strabomantidae,Pristimantis,jaimei,,Especie,"(Lynch, 1992)",,ICZN,Válido,Nombre original validado: Pristimantis jaimei,es,CR
1676,gbif.org/species/10857707,gbif.org/species/10857707,Pristimantis kelephus,Animalia | Chordata | Vertebrata | Amphibia | Anura | Craugastoridae | Pristimantis,Animalia,Chordata,Amphibia,Anura,Strabomantidae,Pristimantis,kelephus,,Especie,"(Lynch, 1998)",,ICZN,Válido,Nombre original validado: Pristimantis kelephus,es,CR
1682,gbif.org/species/2425400,gbif.org/species/2425400,Pristimantis lichenoides,Animalia | Chordata | Vertebrata | Amphibia | Anura | Craugastoridae | Pristimantis,Animalia,Chordata,Amphibia,Anura,Strabomantidae,Pristimantis,lichenoides,,Especie,"(Lynch & Rueda-Almonacid, 1997)",,ICZN,Válido,Nombre original validado: Pristimantis lichenoides,es,CR
1686,gbif.org/species/2425040,gbif.org/species/2425040,Pristimantis mars,Animalia | Chordata | Vertebrata | Amphibia | Anura | Craugastoridae | Pristimantis,Animalia,Chordata,Amphibia,Anura,Strabomantidae,Pristimantis,mars,,Especie,"(Lynch & Ruiz-Carranza, 1996)",,ICZN,Válido,Nombre original validado: Pristimantis mars,es,CR
1689,gbif.org/species/2425581,gbif.org/species/2425581,Pristimantis molybrignus,Animalia | Chordata | Vertebrata | Amphibia | Anura | Craugastoridae | Pristimantis,Animalia,Chordata,Amphibia,Anura,Strabomantidae,Pristimantis,molybrignus,,Especie,"(Lynch, 1986)",,ICZN,Válido,Nombre original validado: Pristimantis molybrignus,es,CR
1694,gbif.org/species/2425402,gbif.org/species/2425402,Pristimantis phragmipleuron,Animalia | Chordata | Vertebrata | Amphibia | Anura | Craugastoridae | Pristimantis,Animalia,Chordata,Amphibia,Anura,Strabomantidae,Pristimantis,phragmipleuron,,Especie,"(Rivero & Serna, 1988)",,ICZN,Válido,Nombre original validado: Pristimantis phragmipleuron,es,CR
1696,gbif.org/species/2425252,gbif.org/species/2425252,Pristimantis polemistes,Animalia | Chordata | Vertebrata | Amphibia | Anura | Craugastoridae | Pristimantis,Animalia,Chordata,Amphibia,Anura,Strabomantidae,Pristimantis,polemistes,,Especie,"(Lynch & Ardila-Robayo, 2004)",,ICZN,Válido,Nombre original validado: Pristimantis polemistes,es,CR
1699,gbif.org/species/2425076,gbif.org/species/2425076,Pristimantis pugnax,Animalia | Chordata | Vertebrata | Amphibia | Anura | Craugastoridae | Pristimantis,Animalia,Chordata,Amphibia,Anura,Strabomantidae,Pristimantis,pugnax,,Especie,"(Lynch, 1973)",,ICZN,Válido,Nombre original validado: Pristimantis pugnax,es,CR
1703,gbif.org/species/2425811,gbif.org/species/2425811,Pristimantis reclusas,Animalia | Chordata | Vertebrata | Amphibia | Anura | Craugastoridae | Pristimantis,Animalia,Chordata,Amphibia,Anura,Strabomantidae,Pristimantis,reclusas,,Especie,"(Lynch, 2003)",,ICZN,Sinónimo,Nombre original validado: Pristimantis reclusas,es,CR
1713,gbif.org/species/2425850,gbif.org/species/2425850,Pristimantis signifer,Animalia | Chordata | Vertebrata | Amphibia | Anura | Craugastoridae | Pristimantis,Animalia,Chordata,Amphibia,Anura,Strabomantidae,Pristimantis,signifer,,Especie,"(Ruiz-Carranza, Lynch & Ardila-Robayo, 1997)",,ICZN,Válido,Nombre original validado: Pristimantis signifer,es,CR
1717,gbif.org/species/2425637,gbif.org/species/2425637,Pristimantis spilogaster,Animalia | Chordata | Vertebrata | Amphibia | Anura | Craugastoridae | Pristimantis,Animalia,Chordata,Amphibia,Anura,Strabomantidae,Pristimantis,spilogaster,,Especie,"(Lynch, 1984)",,ICZN,Válido,Nombre original validado: Pristimantis spilogaster,es,CR
1723,gbif.org/species/2425042,gbif.org/species/2425042,Pristimantis torrenticola,Animalia | Chordata | Vertebrata | Amphibia | Anura | Craugastoridae | Pristimantis,Animalia,Chordata,Amphibia,Anura,Strabomantidae,Pristimantis,torrenticola,,Especie,"(Lynch & Rueda-Almonacid, 1998)",,ICZN,Válido,Nombre original validado: Pristimantis torrenticola,es,CR
1724,gbif.org/species/2425012,gbif.org/species/2425012,Pristimantis tribulosus,Animalia | Chordata | Vertebrata | Amphibia | Anura | Craugastoridae | Pristimantis,Animalia,Chordata,Amphibia,Anura,Strabomantidae,Pristimantis,tribulosus,,Especie,"(Lynch & Rueda-Almonacid, 1997)",,ICZN,Válido,Nombre original validado: Pristimantis tribulosus,es,CR
1726,gbif.org/species/2425655,gbif.org/species/2425655,Pristimantis veletis,Animalia | Chordata | Vertebrata | Amphibia | Anura | Craugastoridae | Pristimantis,Animalia,Chordata,Amphibia,Anura,Strabomantidae,Pristimantis,veletis,,Especie,"(Lynch & Rueda-Almonacid, 1997)",,ICZN,Válido,Nombre original validado: Pristimantis veletis,es,CR
1731,gbif.org/species/2425194,gbif.org/species/2425194,Pristimantis xylochobates,Animalia | Chordata | Vertebrata | Amphibia | Anura | Craugastoridae | Pristimantis,Animalia,Chordata,Amphibia,Anura,Strabomantidae,Pristimantis,xylochobates,,Especie,"(Lynch & Ruiz-Carranza, 1996)",,ICZN,Válido,Nombre original validado: Pristimantis xylochobates,es,CR
1735,gbif.org/species/2425945,gbif.org/species/2425945,Strabomantis cadenai,Animalia | Chordata | Vertebrata | Amphibia | Anura | Craugastoridae | Strabomantis,Animalia,Chordata,Amphibia,Anura,Strabomantidae,Strabomantis,cadenai,,Especie,"(Lynch, 1986)",,ICZN,Válido,Nombre original validado: Strabomantis cadenai,es,CR
1739,gbif.org/species/2425958,gbif.org/species/2425958,Strabomantis necerus,Animalia | Chordata | Vertebrata | Amphibia | Anura | Craugastoridae | Strabomantis,Animalia,Chordata,Amphibia,Anura,Strabomantidae,Strabomantis,necerus,,Especie,"(Lynch, 1975)",,ICZN,Válido,Nombre original validado: Strabomantis necerus,es,CR
1751,gbif.org/species/8290723,gbif.org/species/8290723,Andinobates viridis,Animalia | Chordata | Vertebrata | Amphibia | Anura | Dendrobatidae | Andinobates,Animalia,Chordata,Amphibia,Anura,Dendrobatidae,Andinobates,viridis,,Especie,"(Myers & Daly, 1976)",,ICZN,Válido,Nombre original validado: Andinobates viridis,es,CR
1755,gbif.org/species/2428982,gbif.org/species/2428982,Colostethus latinasus,Animalia | Chordata | Vertebrata | Amphibia | Anura | Dendrobatidae | Colostethus,Animalia,Chordata,Amphibia,Anura,Dendrobatidae,Colostethus,latinasus,,Especie,"(Cope, 1863)",,ICZN,Válido,Nombre original validado: Colostethus latinasus,es,CR
1759,gbif.org/species/10845498,gbif.org/species/10845498,Ectopoglossus atopoglossus,Animalia | Chordata | Vertebrata | Amphibia | Anura | Dendrobatidae | Ectopoglossus,Animalia,Chordata,Amphibia,Anura,Dendrobatidae,Ectopoglossus,atopoglossus,,Especie,"(Grant, Humphrey & Myers, 1997)",,ICZN,Válido,Nombre original validado: Ectopoglossus atopoglossus,es,CR
1761,gbif.org/species/2429175,gbif.org/species/2429175,Hyloxalus abditaurantius,Animalia | Chordata | Vertebrata | Amphibia | Anura | Dendrobatidae | Hyloxalus,Animalia,Chordata,Amphibia,Anura,Dendrobatidae,Hyloxalus,abditaurantius,,Especie,"(Silverstone, 1975)",,ICZN,Válido,Nombre original validado: Hyloxalus abditaurantius,es,CR
1763,gbif.org/species/2429251,gbif.org/species/2429251,Hyloxalus edwardsi,Animalia | Chordata | Vertebrata | Amphibia | Anura | Dendrobatidae | Hyloxalus,Animalia,Chordata,Amphibia,Anura,Dendrobatidae,Hyloxalus,edwardsi,,Especie,"(Lynch, 1982)",,ICZN,Válido,Nombre original validado: Hyloxalus edwardsi,es,CR
1767,gbif.org/species/2429195,gbif.org/species/2429195,Hyloxalus ruizi,Animalia | Chordata | Vertebrata | Amphibia | Anura | Dendrobatidae | Hyloxalus,Animalia,Chordata,Amphibia,Anura,Dendrobatidae,Hyloxalus,ruizi,,Especie,"(Lynch, 1982)",,ICZN,Válido,Nombre original validado: Hyloxalus ruizi,es,CR
1772,gbif.org/species/2429137,gbif.org/species/2429137,Oophaga histrionica,Animalia | Chordata | Vertebrata | Amphibia | Anura | Dendrobatidae | Oophaga,Animalia,Chordata,Amphibia,Anura,Dendrobatidae,Oophaga,histrionica,,Especie,"(Berthold, 1845)",Rana cocoi,ICZN,Válido,Nombre original validado: Oophaga histrionica,es,CR
1773,gbif.org/species/2429146,gbif.org/species/2429146,Oophaga lehmanni,Animalia | Chordata | Vertebrata | Amphibia | Anura | Dendrobatidae | Oophaga,Animalia,Chordata,Amphibia,Anura,Dendrobatidae,Oophaga,lehmanni,,Especie,"(Myers & Daly, 1976)",,ICZN,Válido,Nombre original validado: Oophaga lehmanni,es,CR
1774,gbif.org/species/2429140,gbif.org/species/2429140,Oophaga occultator,Animalia | Chordata | Vertebrata | Amphibia | Anura | Dendrobatidae | Oophaga,Animalia,Chordata,Amphibia,Anura,Dendrobatidae,Oophaga,occultator,,Especie,"(Myers & Daly, 1976)",,ICZN,Válido,Nombre original validado: Oophaga occultator,es,CR
1776,gbif.org/species/10813843,gbif.org/species/10813843,Paruwrobates andinus,Animalia | Chordata | Vertebrata | Amphibia | Anura | Dendrobatidae | Paruwrobates,Animalia,Chordata,Amphibia,Anura,Dendrobatidae,Paruwrobates,andinus,,Especie,"(Myers & Burrowes, 1987)",,ICZN,Válido,Nombre original validado: Paruwrobates andina,es,CR
1787,gbif.org/species/5218147,gbif.org/species/5218147,Gastrotheca angustifrons,Animalia | Chordata | Vertebrata | Amphibia | Anura | Hemiphractidae | Gastrotheca,Animalia,Chordata,Amphibia,Anura,Hemiphractidae,Gastrotheca,angustifrons,,Especie,"(Boulenger, 1898)",,ICZN,Válido,Nombre original validado: Gastrotheca angustifrons,es,CR
1788,gbif.org/species/5218196,gbif.org/species/5218196,Gastrotheca antomia,Animalia | Chordata | Vertebrata | Amphibia | Anura | Hemiphractidae | Gastrotheca,Animalia,Chordata,Amphibia,Anura,Hemiphractidae,Gastrotheca,antomia,,Especie,"Ruiz-Carranza, Ardila-Robayo, Lynch & Restrepo-Toro, 1997",,ICZN,Válido,Nombre original validado: Gastrotheca antomia,es,CR
1803,gbif.org/species/2428303,gbif.org/species/2428303,Hyloscirtus lynchi,Animalia | Chordata | Vertebrata | Amphibia | Anura | Hylidae | Hyloscirtus,Animalia,Chordata,Amphibia,Anura,Hylidae,Hyloscirtus,lynchi,,Especie,"(Ruiz-Carranza & Ardila-Robayo, 1991)",,ICZN,Válido,Nombre original validado: Hyloscirtus lynchi,es,CR
1804,gbif.org/species/2428289,gbif.org/species/2428289,Hyloscirtus pantostictus,Animalia | Chordata | Vertebrata | Amphibia | Anura | Hylidae | Hyloscirtus,Animalia,Chordata,Amphibia,Anura,Hylidae,Hyloscirtus,pantostictus,,Especie,"(Duellman & Berger, 1982)",,ICZN,Válido,Nombre original validado: Hyloscirtus pantostictus,es,CR
1812,gbif.org/species/10050363,gbif.org/species/10050363,Agalychnis lemur,Animalia | Chordata | Vertebrata | Amphibia | Anura | Phyllomedusidae | Agalychnis,Animalia,Chordata,Amphibia,Anura,Phyllomedusidae,Agalychnis,lemur,,Especie,"(Boulenger, 1882)",,ICZN,Válido,Nombre original validado: Agalychnis lemur,es,CR
1817,gbif.org/species/2467088,gbif.org/species/2467088,Anolis inderenae,Animalia | Chordata | Vertebrata | Reptilia | Squamata | Dactyloidae | Anolis,Animalia,Chordata,Reptilia,Squamata,Dactyloidae,Anolis,inderenae,,Especie,"(Rueda & Hernández-Camacho, 1988)",Camaleón de Cundinamarca,ICZN,Válido,Nombre original validado: Anolis inderenae,es,CR
1822,gbif.org/species/2455429,gbif.org/species/2455429,Coniophanes andresensis,Animalia | Chordata | Vertebrata | Reptilia | Squamata | Colubridae | Coniophanes,Animalia,Chordata,Reptilia,Squamata,Colubridae,Coniophanes,andresensis,,Especie,"Bailey, 1937",Serpiente de San Andrés,ICZN,Válido,Nombre original validado: Coniophanes andresensis,es,CR
1823,gbif.org/species/2452606,gbif.org/species/2452606,Dendrophidion boshelli,Animalia | Chordata | Vertebrata | Reptilia | Squamata | Colubridae | Dendrophidion,Animalia,Chordata,Reptilia,Squamata,Colubridae,Dendrophidion,boshelli,,Especie,"Dunn, 1944",Culebra de Boshelli,ICZN,Válido,Nombre original validado: Dendrophidion boshelli,es,CR
1825,gbif.org/species/2453810,gbif.org/species/2453810,Synophis plectovertebralis,Animalia | Chordata | Vertebrata | Reptilia | Squamata | Colubridae | Synophis,Animalia,Chordata,Reptilia,Squamata,Colubridae,Synophis,plectovertebralis,,Especie,"Sheil & Grant, 2001",Serpiente del caño del Dagua,ICZN,Válido,Nombre original validado: Synophis plectovertebralis,es,CR
1828,gbif.org/species/11162988,gbif.org/species/11162988,Alopoglossus danieli,Animalia | Chordata | Vertebrata | Reptilia | Squamata | Alopoglossidae | Alopoglossus,Animalia,Chordata,Reptilia,Squamata,Alopoglossidae,Alopoglossus,danieli,,Especie,"(Harris, 1994)",Lagarto de escamas grandes del Hermano Daniel,ICZN,Válido,Nombre original validado: Alopoglossus danieli,es,CR
1843,gbif.org/species/8894817,gbif.org/species/8894817,Caretta caretta,Animalia | Chordata | Vertebrata | Reptilia | Testudines | Cheloniidae | Caretta,Animalia,Chordata,Reptilia,Testudines,Cheloniidae,Caretta,caretta,,Especie,"(Linnaeus, 1758)",Caguama,ICZN,Válido,Nombre original validado: Caretta caretta,es,CR
1845,gbif.org/species/8841716,gbif.org/species/8841716,Eretmochelys imbricata,Animalia | Chordata | Vertebrata | Reptilia | Testudines | Cheloniidae | Eretmochelys,Animalia,Chordata,Reptilia,Testudines,Cheloniidae,Eretmochelys,imbricata,,Especie,"(Linnaeus, 1766)",Carey,ICZN,Válido,Nombre original validado: Eretmochelys imbricata,es,CR
1847,gbif.org/species/9789983,gbif.org/species/9789983,Dermochelys coriacea,Animalia | Chordata | Vertebrata | Reptilia | Testudines | Dermochelyidae | Dermochelys,Animalia,Chordata,Reptilia,Testudines,Dermochelyidae,Dermochelys,coriacea,,Especie,"(Vandelli, 1761)",Caná,ICZN,Válido,Nombre original validado: Dermochelys coriacea,es,CR
1851,gbif.org/species/2442795,gbif.org/species/2442795,Podocnemis expansa,Animalia | Chordata | Vertebrata | Reptilia | Testudines | Podocnemididae | Podocnemis,Animalia,Chordata,Reptilia,Testudines,Podocnemididae,Podocnemis,expansa,,Especie,"(Schweigger, 1812)",Charapa,ICZN,Válido,Nombre original validado: Podocnemis expansa,es,CR
1852,gbif.org/species/2442789,gbif.org/species/2442789,Podocnemis lewyana,Animalia | Chordata | Vertebrata | Reptilia | Testudines | Podocnemididae | Podocnemis,Animalia,Chordata,Reptilia,Testudines,Podocnemididae,Podocnemis,lewyana,,Especie,"Duméril, 1852",Tortuga del río Magdalena,ICZN,Válido,Nombre original validado: Podocnemis lewyana,es,CR
1857,gbif.org/species/2441344,gbif.org/species/2441344,Crocodylus intermedius,Animalia | Chordata | Vertebrata | Reptilia | Crocodylia | Crocodylidae | Crocodylus,Animalia,Chordata,Reptilia,Crocodylia,Crocodylidae,Crocodylus,intermedius,,Especie,"(Graves, 1819)",Cocodrilo del Orinoco | Caimán del Orinoco | Caimán llanero,ICZN,Válido,Nombre original validado: Crocodylus intermedius,es,CR
1861,gbif.org/species/2498177,gbif.org/species/2498177,Netta erythrophthalma,Animalia | Chordata | Vertebrata | Aves | Anseriformes | Anatidae | Netta,Animalia,Chordata,Aves,Anseriformes,Anatidae,Netta,erythrophthalma,,Especie,"(Wied-Neuwied, 1833)",Pato Negro,ICZN,Válido,Nombre original validado: Netta erythrophthalma,es,CR
1867,gbif.org/species/2482178,gbif.org/species/2482178,Crax alberti,Animalia | Chordata | Vertebrata | Aves | Galliformes | Cracidae | Crax,Animalia,Chordata,Aves,Galliformes,Cracidae,Crax,alberti,,Especie,"Fraser, 1852",Paujil Colombiano,ICZN,Válido,Nombre original validado: Crax alberti,es,CR
1877,gbif.org/species/2482063,gbif.org/species/2482063,Podiceps occipitalis,Animalia | Chordata | Vertebrata | Aves | Podicipediformes | Podicipedidae | Podiceps,Animalia,Chordata,Aves,Podicipediformes,Podicipedidae,Podiceps,occipitalis,,Especie,"Garnot, 1826",Zambullidor plateado,ICZN,Válido,Nombre original validado: Podiceps occipitalis,es,CR
1882,gbif.org/species/2481907,gbif.org/species/2481907,Vultur gryphus,Animalia | Chordata | Vertebrata | Aves | Cathartiformes | Cathartidae | Vultur,Animalia,Chordata,Aves,Cathartiformes,Cathartidae,Vultur,gryphus,,Especie,"Linnaeus, 1758",Cóndor de los Andes,ICZN,Válido,Nombre original validado: Vultur gryphus,es,CR
1883,gbif.org/species/146055637,gbif.org/species/146055637,Buteogallus solitarius,Animalia | Chordata | Vertebrata | Aves | Accipitriformes | Accipitridae | Buteogallus,Animalia,Chordata,Aves,Accipitriformes,Accipitridae,Buteogallus,solitarius,,Especie,"(Tschudi, 1844)",Águila solitaria,ICZN,Válido,Nombre original validado: Buteogallus solitarius,es,CR
1890,gbif.org/species/2496098,gbif.org/species/2496098,Leptotila jamaicensis,Animalia | Chordata | Vertebrata | Aves | Columbiformes | Columbidae | Leptotila,Animalia,Chordata,Aves,Columbiformes,Columbidae,Leptotila,jamaicensis,,Especie,"(Linnaeus, 1766)",Tortolita Caribeña,ICZN,Válido,Nombre original validado: Leptotila jamaicensis,es,CR
1899,gbif.org/species/5228535,gbif.org/species/5228535,Eriocnemis godini,Animalia | Chordata | Vertebrata | Aves | Apodiformes | Trochilidae | Eriocnemis,Animalia,Chordata,Aves,Apodiformes,Trochilidae,Eriocnemis,godini,,Especie,"(Bourcier, 1851)",Zamarrito Gorjiturquesa,ICZN,Válido,Nombre original validado: Eriocnemis godini,es,CR
1900,gbif.org/species/5788552,gbif.org/species/5788552,Eriocnemis isabellae,Animalia | Chordata | Vertebrata | Aves | Apodiformes | Trochilidae | Eriocnemis,Animalia,Chordata,Aves,Apodiformes,Trochilidae,Eriocnemis,isabellae,,Especie,"Cortés-Diago, Ortega, Mazariegos-Hurtado & Weller, 2007",Zamarrito del Pinche,ICZN,Válido,Nombre original validado: Eriocnemis isabellae,es,CR
1918,gbif.org/species/2479477,gbif.org/species/2479477,Hapalopsittaca fuertesi,Animalia | Chordata | Vertebrata | Aves | Psittaciformes | Psittacidae | Hapalopsittaca,Animalia,Chordata,Aves,Psittaciformes,Psittacidae,Hapalopsittaca,fuertesi,,Especie,"(Chapman, 1912)",Cotorra Coroniazul,ICZN,Válido,Nombre original validado: Hapalopsittaca fuertesi,es,CR
1931,gbif.org/species/2486504,gbif.org/species/2486504,Lipaugus weberi,Animalia | Chordata | Vertebrata | Aves | Passeriformes | Cotingidae | Lipaugus,Animalia,Chordata,Aves,Passeriformes,Cotingidae,Lipaugus,weberi,,Especie,"A.M.Cuervo, P.G.W.Salaman, T.M.Donegan & J.M.Ochoa, 2001",Arriero Antioqueño,ICZN,Válido,Nombre original validado: Lipaugus weberi,es,CR
1935,gbif.org/species/5788834,gbif.org/species/5788834,Atlapetes blancae,Animalia | Chordata | Vertebrata | Aves | Passeriformes | Passerellidae | Atlapetes,Animalia,Chordata,Aves,Passeriformes,Passerellidae,Atlapetes,blancae,,Especie,"Donegan, 2007",Gorrión-Montés Paisa,ICZN,Válido,Nombre original validado: Atlapetes blancae,es,CR
1953,gbif.org/species/5229931,gbif.org/species/5229931,Icterus leucopteryx,Animalia | Chordata | Vertebrata | Aves | Passeriformes | Icteridae | Icterus,Animalia,Chordata,Aves,Passeriformes,Icteridae,Icterus,leucopteryx,,Especie,"(Wagler, 1827)",Turpial Jamaiquino,ICZN,Válido,Nombre original validado: Icterus leucopteryx,es,CR
1980,gbif.org/species/2493862,gbif.org/species/2493862,Cistothorus apolinari,Animalia | Chordata | Vertebrata | Aves | Passeriformes | Troglodytidae | Cistothorus,Animalia,Chordata,Aves,Passeriformes,Troglodytidae,Cistothorus,apolinari,,Especie,"Chapman, 1914",Cucarachero de Apolinar,ICZN,Válido,Nombre original validado: Cistothorus apolinari,es,CR
1982,gbif.org/species/6089798,gbif.org/species/6089798,Thryophilus nicefori,Animalia | Chordata | Vertebrata | Aves | Passeriformes | Troglodytidae | Thryophilus,Animalia,Chordata,Aves,Passeriformes,Troglodytidae,Thryophilus,nicefori,,Especie,"(Meyer de Schauensee, 1946)",Cucarachero de Nicéforo,ICZN,Válido,Nombre original validado: Thryophilus nicefori,es,CR
1991,gbif.org/species/2482649,gbif.org/species/2482649,Pseudocolopteryx acutipennis,Animalia | Chordata | Vertebrata | Aves | Passeriformes | Tyrannidae | Pseudocolopteryx,Animalia,Chordata,Aves,Passeriformes,Tyrannidae,Pseudocolopteryx,acutipennis,,Especie,"(P.L.Sclater & Salvin, 1873)",Doradito Lagunero,ICZN,Válido,Nombre original validado: Pseudocolopteryx acutipennis,es,CR
1995,gbif.org/species/2439956,gbif.org/species/2439956,Marmosops handleyi,Animalia | Chordata | Vertebrata | Mammalia | Didelphimorphia | Didelphidae | Marmosops,Animalia,Chordata,Mammalia,Didelphimorphia,Didelphidae,Marmosops,handleyi,,Especie,"(Pine, 1981)",Tunato de Handley,ICZN,Válido,Nombre original validado: Marmosops handleyi,es,CR
2019,gbif.org/species/4267251,gbif.org/species/4267251,Ateles hybridus,Animalia | Chordata | Vertebrata | Mammalia | Primates | Atelidae | Ateles,Animalia,Chordata,Mammalia,Primates,Atelidae,Ateles,hybridus,,Especie,"I.Geoffroy Saint-Hilaire, 1829",Marimonda del Magdalena,ICZN,Válido,Nombre original validado: Ateles hybridus,es,CR
2022,gbif.org/species/2436469,gbif.org/species/2436469,Saguinus oedipus,Animalia | Chordata | Vertebrata | Mammalia | Primates | Callitrichidae | Saguinus,Animalia,Chordata,Mammalia,Primates,Callitrichidae,Saguinus,oedipus,,Especie,"(Linnaeus, 1758)",Tití cabeciblanco,ICZN,Válido,Nombre original validado: Saguinus oedipus,es,CR
2027,gbif.org/species/9438354,gbif.org/species/9438354,Plecturocebus caquetensis,Animalia | Chordata | Vertebrata | Mammalia | Primates | Pitheciidae | Plecturocebus,Animalia,Chordata,Mammalia,Primates,Pitheciidae,Plecturocebus,caquetensis,,Especie,"(Defler, Bueno & Garcia, 2010)",El tití del Caquetá | Tongo | Macaco,ICZN,Válido,Nombre original validado: Plecturocebus caquetensis,es,CR
2032,gbif.org/species/182959016,gbif.org/species/182959016,Santamartamys rufodorsalis,Animalia | Chordata | Vertebrata | Mammalia | Rodentia | Echimyidae | Santamartamys,Animalia,Chordata,Mammalia,Rodentia,Echimyidae,Santamartamys,rufodorsalis,,Especie,"(J.A.Allen, 1899)",Raton arboreo de Santa Marta,ICZN,Válido,Nombre original validado: Santamartamys rufodorsalis | Nuevo taxón incluido,es,CR
2043,gbif.org/species/182958947,gbif.org/species/182958947,Ateles fusciceps,Animalia | Chordata | Vertebrata | Mammalia | Primates| Atelidae | Ateles,Animalia,Chordata,Mammalia,Primates,Atelidae,Ateles,fusciceps,,Especie,"Gray, 1866",Mono araña | Mono negro | Marimonda,ICZN,Válido,Nombre original validado: Ateles fusciceps,es,CR
2100,gbif.org/species/6179762,gbif.org/species/6179762,Crypturellus obsoletus castaneus,Animalia | Chordata | Vertebrata | Aves | Tinamiformes | Tinamidae | Crypturellus,Animalia,Chordata,Aves,Tinamiformes,Tinamidae,Crypturellus,obsoletus,castaneus,Subespecie,"(P.L.Sclater, 1858)",Tinamú pardo,ICZN,Válido,Nombre original validado: Crypturellus obsoletus castaneus,es,CR
2102,gbif.org/species/4262310,gbif.org/species/4262310,Odocoileus virginianus tropicalis,Animalia | Chordata | Vertebrata | Mammalia | Cetartiodactyla-Artiodactyla | Cervidae | Odocoileus,Animalia,Chordata,Mammalia,Artiodactyla,Cervidae,Odocoileus,virginianus,tropicalis,Subespecie,"Cabrera, 1918",Venado sabanero | Venado cola blanca,ICZN,Válido,Nombre original validado: Odocoileus virginianus tropicalis | Mantiene categoría Resolución 1912 de 2017,es,CR
